"x.km.ns","y.km.ns","x.km.os","y.km.os","lon.ns","lat.ns","lon.os","lat.os"
-14655.998880575,6958.75968441221,-14782.212702827,7186.0520861601,-165.064195185597,54.7967688642437,-169.532303360649,56.4323009628288
-14559.290839828,6983.91633280312,-14645.4814878107,7244.62928415809,-164.339548530978,55.1072370905781,-168.859906156629,57.0625146794663
-14461.5063137756,7004.31841440021,-14531.2912536073,7276.99311470599,-163.53978266603,55.3814450664765,-168.061245055151,57.4588358086565
-14364.7577537963,7028.9179443006,-14436.6544517625,7301.31526100853,-162.804759067145,55.6875703162679,-167.362064820038,57.7675690938623
-14268.5691167796,7055.3137912246,-14351.5516471169,7325.41979263122,-162.098257368124,56.0073752534901,-166.764945999489,58.0630848818526
-14169.5299420979,7066.08309017572,-14289.9514836411,7347.40120283264,-161.153172179516,56.205903853293,-166.398837366569,58.3134042399941
-14075.7287813383,7095.14385435207,-14253.9792741356,7366.25889978694,-160.505018171677,56.5441646454487,-166.273930291552,58.5080176171981
-13997.7733831034,7155.28972925569,-14235.3455054596,7381.84614618043,-160.447184620902,57.1142440837358,-166.29577658364,58.6556675271988
-13944.9176260081,7238.70012627002,-14222.6593690949,7398.96712632906,-160.999177365659,57.8450555524884,-166.408164539699,58.8086195641394
-13925.1014278951,7335.80688010426,-14211.6738351876,7425.18665482762,-162.145681796219,58.6514955766295,-166.677802601447,59.0329313567884
-13910.3001997684,7433.92909215025,-14199.7201700148,7482.02396286928,-163.411707562726,59.4636041520072,-167.408338338147,59.5057969360786
-13920.7401325831,7532.90885514288,-14177.7114560395,7596.17256878634,-165.030441600805,60.2561353064412,-168.953323902696,60.4571841652316
-13883.3480716949,7616.62328462408,-14118.8658981713,7752.51233101681,-165.917735742203,60.9849255203152,-170.865835551053,61.8068850566039
-13820.7511963281,7693.26262263045,-13977.1219817847,7900.6911091552,-166.436927243698,61.6901107452605,-171.813280783766,63.2108497246518
-13731.8963507767,7738.68163132038,-13870.6722520133,7971.57048533595,-166.159403103529,62.1728718488125,-171.853640609342,63.9384654193825
-13637.8037131587,7772.23361845167,-13780.5649903812,8023.00915610956,-165.627330476791,62.5648441529406,-171.744850437082,64.4858284277919
-13546.0155965448,7810.85819436765,-13724.4817062707,8057.8205105423,-165.208529002052,62.9969389039861,-171.735571448588,64.8514444638711
-13468.1829468973,7872.31245316677,-13691.2358902669,8086.51254918903,-165.34826361894,63.6047388413638,-171.886900787627,65.1371844854164
-13416.8571482176,7956.91168342255,-13663.1180179345,8122.48006690197,-166.229085511095,64.379204491178,-172.245678428582,65.47930510366
-13381.6732578088,8050.19780652283,-13610.5482603495,8204.55496335762,-167.508387344716,65.2138900219565,-173.237964387325,66.2502282181515
-13331.3990036651,8123.78582150651,-13452.773530844,8352.20019449788,-168.291333904772,65.9051941673492,-174.379707027784,67.7376227781593
-13232.8193446265,8140.13675197643,-13315.8332432232,8405.61266693471,-167.417400693399,66.1662091259549,-173.844801338897,68.3843612434665
-13133.7705019169,8153.14434112656,-13234.0488721061,8431.77367935556,-166.471109675852,66.3982032192694,-173.403357405092,68.7206549235387
-13037.0589362864,8176.91737185733,-13181.5472442975,8454.2524195772,-165.756710809956,66.7199750630515,-173.245769641688,68.9877052836689
-12952.9182126949,8228.26082716909,-13129.6678578427,8485.83189975071,-165.729764151867,67.2673938836559,-173.301045141321,69.3365257759081
-12892.1756828155,8305.86673665129,-13058.1764918035,8537.51967544152,-166.529806330228,68.0212807141148,-173.573902649105,69.8937893982305
-12824.160389543,8372.31876516473,-12929.262736059,8612.45260561467,-167.05208309889,68.6914032398186,-173.683869383183,70.7401368722207
-12727.8155210229,8396.299344688,-12787.6692329647,8657.45239894625,-166.355588375313,69.0193593688032,-172.94700203122,71.3306254017773
-12628.3417920253,8396.24154391689,-12675.4950597472,8678.69767905124,-165.116457892109,69.1350433271531,-172.017885793607,71.6642212581587
-12529.4403023886,8408.3700202372,-12587.2908648333,8694.4222708248,-164.135082876577,69.3580184053778,-171.261027771181,71.916685338201
-12434.0906851595,8437.57812225316,-12504.8098204142,8713.69587294245,-163.550645972352,69.7300128609616,-170.661476636369,72.1953573861688
-12340.9989999368,8473.01850908119,-12406.9377430318,8738.84994350605,-163.125947030545,70.1563077545468,-170.003874977543,72.5474478905237
-12243.8955373034,8496.39282937278,-12296.1558207336,8763.82104095682,-162.395707078647,70.4778285472471,-169.171996873958,72.9124126238524
-12144.3168259926,8503.46328329286,-12177.0560622495,8782.02755595241,-161.285022528601,70.6525908179311,-168.061488697558,73.2211976511893
-12045.252551042,8516.52286099245,-12071.4949719848,8793.00796807408,-160.304537695149,70.8803825554014,-166.945984894125,73.4439977132278
-11945.902672457,8521.23368945745,-11969.6966961275,8802.16058133236,-159.140538947486,71.0308045075443,-165.830973413189,73.6436016217387
-11846.4246650332,8527.86353090821,-11860.5888022518,8810.0314380662,-158.01257458228,71.1976727588581,-164.584195994099,73.8372098103264
-11748.4406600543,8547.18897470335,-11728.054008321,8809.48231229642,-157.167320461496,71.4786920724065,-162.818932519431,73.9723366039084
-11655.1239035717,8518.27814094006,-11582.5583469209,8784.18095887347,-155.371857512915,71.3094224706144,-160.29145395685,73.8797228897946
-11562.2518449935,8481.53738265372,-11466.2624856008,8745.75864817002,-153.439673932386,71.0675934087525,-157.865307551316,73.6304839508152
-11468.3222149011,8448.53245723121,-11375.2485084556,8712.91106697934,-151.589661381382,70.8609381785136,-155.926532939904,73.4095368592904
-11375.3507686667,8413.11493927821,-11288.1342888015,8683.40604436262,-149.723709158891,70.6311192652953,-154.133424783305,73.2168516390463
-11281.3833661724,8380.3223082516,-11202.2389818936,8657.2525818891,-147.914289269591,70.4258501672473,-152.445365238111,73.0547173061222
-11184.3575366095,8357.14118817968,-11117.2424594287,8634.97395582742,-146.260152365282,70.3099183373448,-150.864337787906,72.9279446507815
-11085.6980239955,8341.96720464483,-11020.7369223662,8612.26049725584,-144.740270109573,70.2668628218161,-149.135193708398,72.8077101278579
-10988.9789223827,8325.71162271781,-10912.2876489067,8583.21046227984,-143.230412786126,70.211064731703,-147.134385753246,72.6390907844713
-10899.3222064699,8282.07854317967,-10806.2793695428,8548.29960644439,-141.335771295812,69.901283879862,-145.067118628973,72.4134008029397
-10806.0424598166,8246.38158109088,-10725.2793384095,8521.27567473046,-139.55552797387,69.6660596321069,-143.495806693275,72.2376562380083
-10713.4605386037,8209.81485312615,-10659.8018000286,8505.47517534844,-137.787524185948,69.4219980565367,-142.349637252263,72.1511799991067
-10615.4435991924,8201.38506255915,-10596.043125394,8497.87855548153,-136.428029303422,69.4336238413062,-141.38456922191,72.1383351793723
-10516.597634927,8214.53417817173,-10517.583778793,8495.7733156443,-135.410727387272,69.6379377122038,-140.334010815693,72.1885238698792
-10417.290388866,8219.12700235591,-10429.0855803248,8497.96609565935,-134.245109311779,69.765047426997,-139.233358422295,72.2862652543385
-10318.6920296133,8218.15932138688,-10339.3853162025,8503.07899948657,-132.996558811106,69.8406007677448,-138.169446656337,72.4109975782324
-10220.3326214695,8232.96113019871,-10246.4480017773,8511.06899787987,-132.002687776466,70.0564483484776,-137.114231165102,72.5640750399007
-10121.2186906457,8245.00926890608,-10144.9962259502,8520.36113596548,-130.951699809254,70.2473356513658,-135.969483167528,72.7353486627351
-10021.6824144571,8246.29148443589,-10037.3785667028,8528.28841858153,-129.720547954356,70.3407051630934,-134.716149825483,72.8979681162305
-9922.99101498325,8261.95385249682,-9911.09827831907,8529.59095505679,-128.725992016268,70.5619038054501,-133.096485698453,73.0131693726098
-9828.51115807163,8242.85818094461,-9783.41999903779,8516.30399871806,-127.234714353792,70.4654562480901,-131.197193988615,72.9928841252121
-9734.15506114775,8213.94793613478,-9665.58652907687,8491.36053865859,-125.60166950907,70.2797711638372,-129.229068435846,72.8558631834454
-9636.65223076607,8200.1702807601,-9561.39694512814,8463.72319071833,-124.168284723629,70.2318190009765,-127.405366816916,72.6826238429271
-9542.31722370964,8167.93566004517,-9450.12969690659,8428.40425500128,-122.506653527778,70.0147802928845,-125.377971132913,72.4438750291864
-9451.38629863563,8131.79420698996,-9347.02002257569,8388.70411238798,-120.845885747757,69.7596410803655,-123.40638131976,72.1586931285962
-9364.37523719123,8082.9716251137,-9256.72462313046,8351.83809720892,-119.073625087217,69.3878903022316,-121.666421393181,71.8898357187309
-9270.90670843945,8047.72825587637,-9170.47148077134,8318.77462667711,-117.430348877217,69.1419931953612,-120.054915033511,71.6525574218834
-9172.64698665923,8030.54526961387,-9073.64186379379,8282.05368981294,-115.983003028861,69.0599007564209,-118.270136217603,71.3896144578785
-9088.17568668558,7990.12248131674,-8981.63728231692,8244.38778250924,-114.407905344311,68.7600961327652,-116.551743864924,71.1144828894184
-9009.26538163335,7930.98374224616,-8909.50947363427,8215.31505292544,-112.682366387095,68.2898338716236,-115.224051171938,70.9027836609202
-8914.59375400561,7903.31467904861,-8866.91951161026,8203.76274699577,-111.179248587788,68.1098103179403,-114.523509778524,70.8282953379575
-8818.48447277266,7902.08690427541,-8829.65015393592,8201.95957238623,-109.98850663342,68.1645615082155,-114.027386589725,70.8378283501977
-8722.73469913108,7927.81037059031,-8762.52745907208,8209.28313137329,-109.128250992482,68.4576963223951,-113.28006624006,70.9499232222998
-8627.96440180431,7957.85301712472,-8658.26111571064,8223.54656518749,-108.32919621612,68.7882363130732,-112.155978047403,71.1493096631706
-8528.44576454644,7961.86194134384,-8504.1726258955,8227.67744702263,-107.150955221043,68.8894531217635,-110.256207382821,71.2891773237128
-8432.06884386816,7947.95771528295,-8359.87634278359,8198.57199760802,-105.795524900023,68.8280724119447,-108.035274296772,71.1204801385876
-8351.17640559598,7894.4674411017,-8253.78861368828,8163.35497625553,-104.173711668293,68.4035628057555,-106.234374846554,70.8709148973119
-8261.6791009447,7855.94714014881,-8185.13950357497,8140.30888211922,-102.639212293788,68.117429190247,-105.074801029506,70.706773183148
-8166.8959865438,7829.86315745659,-8141.16974376157,8132.31004467938,-101.191920944764,67.9444413012237,-104.420217288383,70.66228648963
-8069.28047300208,7832.1766706087,-8094.90769172739,8132.69342361089,-100.02632925472,68.0246170930586,-103.842000400825,70.6944049219658
-7973.67991564768,7856.91508070676,-8037.18280820588,8142.25506162963,-99.1271046874723,68.3022214046372,-103.232645629846,70.8159049123076
-7880.61732296895,7891.5814162864,-7971.61659136483,8160.87228077185,-98.3634498783945,68.6663222730116,-102.634996813294,71.0234414963543
-7782.41142548533,7908.2653351677,-7912.71379519091,8184.6100424503,-97.3365820467051,68.8727836338683,-102.18364679353,71.2729161528704
-7693.76804090912,7953.18522105413,-7863.45370838039,8212.32469980275,-96.731986141208,69.3252628336178,-101.903687296575,71.5524911596925
-7626.1026803812,8026.50405189066,-7809.75764748704,8252.14090193744,-96.7038350448024,70.0202531001375,-101.720250979109,71.9442754198969
-7562.12063931055,8102.86271757093,-7736.92575364959,8313.08037499431,-96.7692699454323,70.7420552566516,-101.564898411921,72.539345413593
-7487.32871725259,8168.44845462838,-7629.55025842655,8393.13640897048,-96.5856863781259,71.3746777366925,-101.220251085105,73.3297401744082
-7397.6864051872,8212.02948316787,-7491.82568688293,8461.74787639113,-95.9576351044052,71.8179367044958,-100.331874355324,74.0344474451112
-7302.23378759926,8231.84826660501,-7245.09965100131,8487.29594936223,-94.9706122572742,72.0495187870935,-97.4155149177671,74.4036506836905
-7217.55774521853,8184.18318582409,-7052.68675937696,8387.75970883497,-93.3346283899171,71.6650226808897,-93.6166361454319,73.5970031107645
-7174.6537647903,8094.42341053262,-6973.60110543212,8317.29190488294,-91.7876132889667,70.8797052855462,-91.7399434771833,72.9977875852852
-7113.08744939243,8016.82528093246,-6935.85929415553,8286.83191584953,-90.1840046480169,70.2156422314911,-90.8965769884206,72.7411064293696
-7028.87795082977,7965.10242728621,-6903.75991241388,8269.7267039855,-88.6001998418827,69.7962288539166,-90.285963435639,72.6026490112105
-6932.04694719847,7945.33158788468,-6867.50651377894,8258.97025223807,-87.1975756023741,69.6690904039375,-89.6965039126152,72.5237620900263
-6834.06344211404,7959.92686081678,-6806.47118667802,8250.44912603046,-86.1225280425001,69.8494319885288,-88.8145356538851,72.4774991948492
-6737.31221114355,7974.41691518763,-6713.71426217188,8242.8443209085,-85.0582094875617,70.0275154526798,-87.5359505917355,72.4549557430277
-6638.84509970401,7957.74822100388,-6565.21314252297,8217.4912037845,-83.6688946387425,69.9264505021358,-85.352685192739,72.2983336750537
-6547.37892403409,7922.01603976321,-6380.46245405547,8123.86753267338,-82.193854486006,69.6505219409047,-82.0318577649779,71.541655015088
-6508.21608518069,7842.41857007689,-6258.64007802019,7795.09855941952,-80.9839703222366,68.9571511495286,-77.5044503557788,68.6497791263419
-6567.73641714649,7763.24888270041,-6333.51576288165,7614.87905976157,-81.0150624662666,68.2220088384692,-76.940166948164,67.0087009782406
-6625.21007395034,7682.33320921419,-6392.59396461343,7527.5040848594,-81.0169776830337,67.4734308343841,-76.9646035957995,66.2046355120221
-6694.61663710819,7611.31099343519,-6425.73383963851,7472.7773899003,-81.2557891076781,66.8082131573451,-76.9398670782762,65.7033507685171
-6757.96008162343,7534.65317232944,-6437.00099690727,7444.80861767911,-81.3811837016787,66.0966852309652,-76.8619663747214,65.4499130663444
-6790.33110028265,7441.02214341179,-6438.76907786868,7431.72796317172,-81.0129968466301,65.2506888231154,-76.7846748401989,65.3330144386809
-6788.51142508788,7342.22440074193,-6438.20105087941,7425.99796493067,-80.2252846363089,64.3767444555874,-76.7350901317045,65.2824240839889
-6752.81666387951,7250.15117070059,-6435.43529832956,7418.32621019478,-79.1224523832457,63.5793945108372,-76.6451782535616,65.2156059929904
-6687.52743091887,7175.8959354273,-6431.51009572912,7412.92893877102,-77.8338267941263,62.9536421006088,-76.5586841658763,65.1694982163538
-6600.40032681343,7128.48330400547,-6422.6567472473,7405.61285720261,-76.5011491110784,62.5746330111652,-76.3999681740009,65.1085979545414
-6502.92837734068,7108.20394404831,-6398.16621674538,7394.22558660546,-75.2438478009259,62.4392127178502,-76.027269936987,65.0186229365866
-6404.24358824956,7116.78889625213,-6323.46146822389,7370.43619987121,-74.1667392253449,62.5586855916728,-74.9747966851459,64.8409370764627
-6316.61331058905,7078.77126553848,-6200.47842301295,7322.89868115284,-72.9129935463996,62.2604720864009,-73.1953803617815,64.4730114233775
-6241.93732618002,7012.6219673374,-6092.05244308281,7262.65544589826,-71.6417757663074,61.7072084244757,-71.5190886774617,63.9848414316888
-6154.83829393536,6965.25794709792,-6013.10758494579,7216.33535323233,-70.3613774354145,61.3246218895339,-70.2969071320232,63.6069268210483
-6070.75910506288,6918.77510542785,-5943.58743654388,7179.35011965852,-69.132762304786,60.9478081394093,-69.2549988653531,63.3073914101485
-5994.80508627736,6855.10881006252,-5882.25987653079,7152.56846936337,-67.9104819361527,60.4150144982578,-68.3788074681223,63.0946150204286
-5901.67997327929,6821.94593371735,-5825.95102806212,7135.22280470575,-66.6786221861033,60.1580836666435,-67.6225187987579,62.9631986025714
-5803.00125327612,6823.2807683078,-5752.76000776086,7121.0016557674,-65.5766512462151,60.2077935338694,-66.6928631229048,62.8658138275909
-5707.26168062309,6849.89303647353,-5596.14242789859,7077.57570821818,-64.6419113278828,60.4796559439625,-64.6369881279449,62.5405172200474
-5673.22778934101,6759.91065288112,-5418.39646407602,6867.54032794534,-63.787177106898,59.6952791701227,-61.4754083474564,60.7417011738246
-5642.5349904384,6664.88945183153,-5377.11356556546,6756.53203961088,-62.9650628989477,58.8650765919054,-60.4558459494622,59.7714498125345
-5609.97332441432,6570.43253951321,-5345.63882679843,6665.73863090114,-62.1460059108917,58.0405496137407,-59.6696807682919,58.977090522919
-5581.14979996402,6474.80560210355,-5317.09058292417,6593.91846182655,-61.3826971325371,57.2043095172873,-59.0207759295463,58.3499439099739
-5552.05338880921,6379.75255600185,-5291.93696267928,6546.71430653656,-60.6381025915042,56.3731988787562,-58.53031182096,57.939839959871
-5491.83727135271,6301.12456350968,-5260.00000830396,6504.00893418058,-59.6447873586634,55.6977579790191,-57.9904554091839,57.5717723092885
-5411.3022453631,6246.17873141958,-5210.75432793436,6453.21335600905,-58.5456456560483,55.2380151256423,-57.231605831567,57.1374391302738
-5324.40360859869,6197.8723165425,-5136.17463241365,6380.26081733131,-57.4151599948385,54.8383095264698,-56.1133727799166,56.5143066244282
-5268.42247182334,6115.98556172185,-5039.85914488635,6262.58690947488,-56.4961037793945,54.1307073494884,-54.602106514886,55.5003781371277
-5223.10154792096,6033.58034708477,-4968.61500790917,6063.71280764065,-55.7037597316116,53.4147519915974,-53.1030398320578,53.7574298891434
-5235.96642071203,5936.42202750188,-4983.30501215486,5865.74915202843,-55.4878303426173,52.5503707339231,-52.5794350379766,51.9975604756733
-5290.61389462243,5859.56671216628,-5123.54242251935,5653.60985711274,-55.7917328772087,51.8535438954984,-53.3568851195758,50.078145823617
-5380.99758304976,5816.96313795079,-5270.7667030746,5565.87806214573,-56.5911552907953,51.4493453681304,-54.6041842695802,49.2599814972938
-5475.65257108283,5786.24971859439,-5368.88102751772,5525.57864022906,-57.4744368053611,51.148910704937,-55.4890309518024,48.8755145517846
-5572.46569031669,5762.51741571351,-5445.41749904659,5492.32783827037,-58.4025247196576,50.9092884983335,-56.1714114388437,48.559492225655
-5663.5104642837,5722.05860202608,-5509.84503660205,5459.0660407846,-59.2079554504577,50.523492166495,-56.7275726346247,48.2468547880046
-5751.63945976097,5675.30257472792,-5556.16975265306,5428.02764916888,-59.9577973514651,50.0829954780109,-57.1039318034268,47.9591542684573
-5832.95132210132,5619.20865509163,-5580.10582603025,5405.41285375479,-60.6011765986648,49.5623570730207,-57.2772409045584,47.7524277041174
-5890.16615813193,5538.53996840176,-5595.10815472767,5383.76275734482,-60.907594509616,48.832930655539,-57.3621634520082,47.556854933355
-5916.36033918457,5442.82596306893,-5603.73329483181,5361.76544860469,-60.8464796863342,47.9810577838354,-57.3809784431966,47.3600958854041
-5906.33516937632,5343.68689709264,-5609.67593176515,5322.54023369477,-60.4121354531335,47.1104432910796,-57.319060027605,47.012013490298
-5885.30575209062,5247.64342733865,-5616.49284094656,5216.3262322995,-59.8877945877578,46.2703443329373,-57.0640713093196,46.0722672563807
-5916.54277544844,5172.67088474481,-5757.29975391561,4960.83836351914,-59.9686491023807,45.6003598820344,-57.7385151197135,43.7784210157363
-6006.52167131662,5129.20710210073,-5897.61731338122,4880.40422592626,-60.7422082239189,45.1907740697626,-58.9134444035331,43.0305118022607
-6102.12022940708,5100.76941542532,-6016.65805461219,4836.76785585821,-61.6171784709769,44.9117885154851,-59.9758585518629,42.612909041088
-6199.08334756986,5076.61458527605,-6112.90216549659,4806.19520716684,-62.5173920022025,44.6699154790894,-60.8459160634091,42.3166522296392
-6295.02425511456,5048.99550987737,-6199.82501468888,4777.26282382782,-63.3945263276669,44.3977265401818,-61.6263308735314,42.0374022111206
-6387.46830541731,5011.24314871241,-6285.27430470849,4745.44699918637,-64.2024431236153,44.0375070946881,-62.382364592007,41.7331903563126
-6474.65942831561,4962.47063218664,-6402.3975336614,4704.74503521595,-64.9208707986237,43.5822387261945,-63.4245446900263,41.3417352420562
-6570.31430117893,4947.29384012164,-6552.07468217778,4679.46630287457,-65.8289044898164,43.4191145423493,-64.8300445348986,41.0759115374155
-6664.63852491516,4978.8769833049,-6642.92992500397,4674.81645265477,-66.8743528330713,43.6659086339027,-65.7132738821352,41.0080090363802
-6763.08299837331,4987.88744925464,-6694.98526312215,4668.0945289257,-67.8894224888376,43.7128357526137,-66.2070882906595,40.933404479343
-6858.47864297457,4962.43222242779,-6726.63157679749,4658.13007060423,-68.7587130590048,43.4585945224499,-66.4896929363715,40.8365279272274
-6939.28914851005,4905.61127758879,-6758.4667753592,4640.52702174365,-69.3759350633826,42.934836521012,-66.7513064427406,40.6727034921414
-6995.6898469361,4824.2267332682,-6810.79827190519,4599.50478188371,-69.6693206783896,42.2047916228743,-67.1452945803517,40.297683153362
-7047.12336449744,4742.55519562813,-6909.70156294889,4526.43778574704,-69.9156780337871,41.4743590895556,-67.9024846270939,39.6284067523318
-7144.60642270849,4722.16807907963,-7037.94893822419,4460.77083322527,-70.8144498657076,41.2645051132949,-68.96719442318,39.0154501776977
-7237.10816877253,4687.31451683452,-7133.11224730637,4423.85774933883,-71.6159941338574,40.9299504603932,-69.7897528413581,38.6640423487173
-7331.32514776432,4656.62807061111,-7208.1786557478,4391.68775541533,-72.4463140246587,40.6312077440157,-70.4286755994526,38.3602833800619
-7426.23610271323,4626.28044354595,-7274.91973242505,4357.43871009734,-73.2830271993618,40.3351904839386,-70.9796204885209,38.0410552526029
-7506.71794564912,4568.66973542202,-7334.97003796537,4319.86012297034,-73.8887221805438,39.8067910860048,-71.4552915261043,37.6950028947707
-7578.83513171572,4499.99064477346,-7386.07138172036,4280.15254996561,-74.377189356843,39.1853230178852,-71.837665710147,37.3333219581338
-7642.62584832739,4427.35988009066,-7432.97675874453,4234.40988590592,-74.7731080350434,38.532770358366,-72.1622760437619,36.9205520544523
-7710.51394035802,4354.32796605703,-7473.88614986153,4184.05750532887,-75.2095482911942,37.875918955985,-72.4164302205689,36.4696929246104
-7772.31601529941,4276.13768043062,-7509.95813738158,4127.45307395045,-75.5731790353141,37.1768090194736,-72.6075859562452,35.966108090932
-7807.88799069625,4183.40647991449,-7551.67050853728,4049.11720249346,-75.6432626263895,36.3604337927909,-72.7957952590383,35.2720196374613
-7829.07650739892,4086.02172304167,-7615.53726183678,3939.95151027203,-75.56787011258,35.5085803198931,-73.1188757532343,34.3037674512012
-7898.378035771,4014.74730603449,-7725.60634459343,3815.99557709595,-76.034407103059,34.8687965388734,-73.8516522366257,33.1946860863832
-7987.98096497277,3974.56472163517,-7849.64203206451,3730.18369154373,-76.7827856095102,34.4928352692409,-74.8170721620551,32.4143131052488
-8078.28015097765,3931.8264851478,-7947.87034994346,3678.4220607064,-77.5298673245817,34.0947758227458,-75.6217299864629,31.9374927102592
-8165.54420577944,3884.23621016963,-8026.74995935609,3636.38589970214,-78.2337696557067,33.6559630935939,-76.2662022401581,31.5508320089912
-8249.93645572582,3832.94880971092,-8098.43119611922,3593.59399187694,-78.8996448870957,33.1864382575573,-76.84021952657,31.1599459474032
-8334.9377137123,3780.98664333591,-8164.69375884561,3548.65580962288,-79.5692458306175,32.7113227834638,-77.3575797105798,30.7523020361042
-8422.32367972758,3732.63393906925,-8216.42177351712,3507.39320833422,-80.2709927209966,32.2670808904699,-77.7465874634136,30.3808181271895
-8499.98827688447,3670.31592806269,-8248.77578601136,3473.28653364633,-80.8430395338463,31.7057495989147,-77.9701883154071,30.0768253917197
-8553.89709795596,3587.17318947756,-8263.57557208384,3449.17562179201,-81.1369055414498,30.9725800277361,-78.052389519949,29.8642322288797
-8576.12384847239,3490.85881944384,-8271.97991694114,3424.30767695187,-81.1025451137934,30.1357262954945,-78.072861972756,29.6468918610175
-8570.28448573328,3391.62636930939,-8276.560296374,3381.98802724175,-80.8043602442973,29.2819069715006,-78.0171939388297,29.2797205051266
-8548.24083134239,3294.52624251266,-8275.40975502652,3302.26537207341,-80.368218266073,28.4507059802922,-77.8244494982547,28.5906628249862
-8549.43397144326,3194.78814373688,-8274.38333325269,3189.98478860435,-80.1531733503824,27.5901605389474,-77.5678522185992,27.6199384299615
-8545.4397982101,3095.44481500286,-8281.13113542232,3068.8150370714,-79.8990818717856,26.7342789589787,-77.3761467866841,26.5703078819825
-8570.22781085036,2998.9948507091,-8334.78771238276,2870.61066450626,-79.9275665749481,25.8960889843103,-77.4832485692955,24.8436295883164
-8621.22266280455,2913.66647849274,-8448.57420654279,2725.59784556868,-80.2284508725583,25.1477861214385,-78.2681236160757,23.5647894982452
-8713.58610288007,2900.5296317943,-8832.0578875472,2675.510924306,-81.060355265158,25.0121500344743,-81.7228871903588,23.0469299951685
-8768.91409444555,2979.47568026969,-9008.4377558044,2852.17031973184,-81.737014483003,25.6782335124959,-83.7000762916543,24.5237088150994
-8805.55224079315,3072.17953515775,-9059.87931793724,2965.24174186297,-82.2765589384914,26.4666465948501,-84.4146460114504,25.4813960067017
-8835.85428812432,3167.39820237207,-9095.79134926726,3048.53864641652,-82.7716171799869,27.2776835787139,-84.9313498808387,26.1866278577895
-8859.55969065549,3262.97533819755,-9124.90104673294,3105.28238733427,-83.2151257057587,28.0930244331953,-85.3310377497973,26.6653971541752
-8909.41298205389,3348.58648412845,-9149.74331560211,3140.105982235,-83.8893821317684,28.814645333097,-85.6433541526764,26.9570945579004
-8986.66919015353,3410.577594286,-9169.34001954314,3158.39287356095,-84.7707258026427,29.3243683485144,-85.8692165181001,27.1083566146803
-9071.9090033866,3461.10801139185,-9190.65450009306,3170.63207386311,-85.7036235357594,29.7322337647991,-86.0973232832035,27.2072310207147
-9162.2416828791,3502.21015239295,-9214.65096196449,3177.21988236786,-86.6641626077242,30.0566445537746,-86.3373512179176,27.2568668576824
-9261.43636588848,3506.65231775803,-9242.50201648525,3178.37515307663,-87.6123724823294,30.0634722927171,-86.6005990025315,27.2588312374748
-9355.54189004748,3475.71342182665,-9290.45810993701,3171.39807314327,-88.4166764242094,29.768995871696,-87.0324675804074,27.185396151026
-9437.14672484546,3418.52872544184,-9367.16434637823,3152.14594533361,-89.0322931231446,29.2545069639431,-87.7036191724427,26.9987016884874
-9528.98904740892,3390.67203871331,-9502.01847218067,3124.92489903462,-89.8223918368901,28.9877289186759,-88.8984194008312,26.7272563202762
-9628.12213187767,3396.04579599717,-9663.8531120323,3131.78260518185,-90.7692330687099,29.0021016864132,-90.4264394972953,26.738545604104
-9719.00257149014,3436.16982602738,-9756.1037605267,3144.91818867603,-91.733830350509,29.3145823765123,-91.3204443940322,26.8230574712554
-9816.78055762196,3456.19412228461,-9817.55535495538,3149.42987202147,-92.710453926255,29.4527726005571,-91.905783462638,26.8430009359598
-9915.58254476942,3466.79193047345,-9865.75138405818,3145.95467327532,-93.6713114444869,29.5097922235043,-92.3473781612467,26.7988736317834
-10011.5784836571,3442.53076297233,-9917.82371476751,3134.06353732741,-94.5066650361731,29.2714185731079,-92.8039984552003,26.6819994528737
-10097.9636201182,3392.83610289933,-9971.71404148421,3113.77269093155,-95.1790590708376,28.8208393648241,-93.2564186342124,26.4932629165509
-10186.5844505397,3347.55550368604,-10025.0410441149,3085.48259821012,-95.8850313547468,28.4074769678891,-93.6835789055286,26.2369160259014
-10273.8275945763,3299.37062754535,-10065.1037063692,3056.17281135536,-96.5701045285328,27.970530580909,-93.9846698961841,25.9761086231342
-10340.9791058867,3226.65330734684,-10090.4732396856,3029.8770766819,-97.0007605022799,27.3334137039034,-94.1565700445554,25.7454289908574
-10378.3936079112,3134.904347696,-10112.1056217271,2996.22860907195,-97.1067962355873,26.5458191351505,-94.2762817127364,25.4536080794771
-10394.0845453526,3037.79234185382,-10143.390021478,2928.31744998151,-97.0039408114063,25.7201979584855,-94.4052644114144,24.868591259519
-10448.1353248902,2953.89329510061,-10177.3512349914,2847.21688289297,-97.2985506513073,24.9948501352307,-94.5323690455267,24.1713666115719
-10492.2718951462,2864.40845726836,-10205.8786342417,2769.40862761495,-97.4929401775915,24.2260316763486,-94.6215588521312,23.5039804102403
-10522.770586318,2769.31223563809,-10227.6343438911,2695.62504434069,-97.5544542806463,23.4144070217641,-94.6616096213786,22.8728634361091
-10547.9846749666,2673.38470617529,-10239.7659637857,2633.10348283491,-97.5729026575973,22.5976835385479,-94.640838179528,22.3399246744304
-10550.9907036744,2574.20408446181,-10241.7396389847,2589.11725505288,-97.3876422072148,21.759767118091,-94.5677084877067,21.9667367826076
-10533.588122918,2476.51936879885,-10237.2212520553,2562.00392608764,-97.026774555525,20.9396009696724,-94.4706457045831,21.7381619069939
-10501.0626862418,2382.73260164513,-10230.1079871468,2546.15963638889,-96.5439249441315,20.1555544514133,-94.3730489392882,21.605705978207
-10452.9208610613,2295.31159713648,-10222.4498546094,2536.77276489541,-95.938567438704,19.4281855411727,-94.2836333307853,21.52808852413
-10377.6892548762,2230.1423693967,-10213.1262323554,2530.04894321002,-95.1323456330502,18.8941473122224,-94.184301821105,21.4734446478205
-10284.2613693027,2196.28988475579,-10202.1628258405,2525.97686764287,-94.2182216362427,18.6282025199772,-94.0752120983059,21.4416756888631
-10184.566792924,2194.15066709731,-10189.5721786966,2524.71364177227,-93.3021246033138,18.6317708467552,-93.956750074392,21.4341163771109
-10086.1072368227,2210.62901941601,-10171.6392177527,2527.34456312671,-92.4287916852578,18.7929206495081,-93.7968303782787,21.4609070954436
-9992.67432144311,2245.22886097049,-10147.1367453095,2537.18782766851,-91.632024448036,19.1071497270933,-93.5907331204385,21.5505200817113
-9915.29540547264,2306.61835312856,-10110.2885021054,2561.5565353066,-91.0289167062192,19.6462400641256,-93.2999372394955,21.7665246111367
-9864.23934481304,2390.9015101349,-10059.5442929471,2605.42451475596,-90.7103629844171,20.3750267681947,-92.9207399402444,22.1517500563875
-9813.5186218638,2475.91043615425,-9965.22891286185,2685.13531844721,-90.4008281072487,21.1106139707266,-92.214443583726,22.8531783159297
-9720.66043533617,2511.86917964016,-9799.34262869271,2767.97545494965,-89.6138079228731,21.4389167172818,-90.8549989315526,23.6013258304464
-9622.66907770659,2531.2339634144,-9658.43465127933,2797.45540207148,-88.7478747689102,21.6272198687448,-89.6127937049631,23.8895676301327
-9522.94254294391,2530.68562426,-9499.83306052326,2804.34689499455,-87.8281329756874,21.6458984403043,-88.1577905805124,23.989651914009
-9425.89352748605,2523.96467918385,-9307.25334527645,2748.51094677737,-86.9216368849002,21.6108927112956,-86.2593510199637,23.5607750618241
-9417.26681439929,2433.60139829016,-9159.99050298747,2384.66637952277,-86.6789376815888,20.8398629164528,-84.2298494335833,20.476112307721
-9476.83798453547,2354.27532985646,-9187.2176021205,2276.99963726004,-87.0881160279288,20.1484283692041,-84.3028196091784,19.5469262100415
-9515.943624282,2262.50538946447,-9197.81148282292,2226.82729596889,-87.292654378899,19.3556428648261,-84.3204286150239,19.1144801910683
-9536.89438508342,2164.97424266483,-9198.33046556691,2198.04716085422,-87.3276568818326,18.517799842142,-84.2804546769726,18.8675305358366
-9521.58705308804,2066.92067605075,-9193.72961599471,2177.89947081788,-87.0376714443142,17.6826578844042,-84.2074184694653,18.6956047322733
-9473.80563636043,1980.26868409412,-9184.91015920179,2160.31565614687,-86.4756500206766,16.9505064453462,-84.1000030082221,18.5464562758141
-9399.54962715658,1914.95224523914,-9168.82405511346,2140.40947291355,-85.7081902546757,16.40467014886,-83.9229382938229,18.3787206722765
-9307.33600699441,1878.53584848247,-9131.60990415371,2108.42856750072,-84.8194998372052,16.1084447768926,-83.5353716273607,18.1112033988629
-9217.3690603774,1836.45006657187,-9051.02278646809,2048.81394985664,-83.9459422215404,15.7624373260038,-82.7135210452203,17.613860696842
-9140.64086477107,1772.44264481476,-8915.11934554517,1888.67081990015,-83.1683533037431,15.2252986337034,-81.2598722739875,16.2599607995751
-9134.59021591105,1678.57860453564,-8867.9245436878,1662.42300029266,-83.0027313381481,14.4202707955126,-80.5627637404187,14.3196811772848
-9173.56509799549,1587.01135660743,-8882.21409676975,1549.43887386413,-83.2545752999429,13.6285533618209,-80.5724626157229,13.3449561012191
-9191.29074107858,1489.34925767161,-8884.79215186627,1504.79899375237,-83.312896720568,12.7878722771505,-80.5508443265055,12.9602888514679
-9200.08081405493,1389.96325419798,-8881.42738459329,1482.82057172522,-83.2951619872452,11.9337316942932,-80.4987104905197,12.771483320554
-9183.2342649444,1292.16185485801,-8875.16323954822,1467.53035793459,-83.0538441428595,11.0961963709774,-80.4271054836951,12.6406110707239
-9130.36914479287,1208.16639908334,-8866.59783103057,1455.62004346845,-82.5053021250078,10.3806634589383,-80.3380670072615,12.5391091972425
-9051.86640416555,1147.89593089055,-8852.92961766336,1443.67468830685,-81.7488644283639,9.87074181067862,-80.2028990987291,12.4379082584326
-8957.65152173679,1118.05421557126,-8825.64270419579,1429.11861894817,-80.8759264887589,9.62322404467975,-79.9420961115627,12.3158259917579
-8858.79171945855,1122.13851823771,-8786.12468958993,1416.42890133559,-79.9864843029419,9.66778147725947,-79.5724982235681,12.2111991515434
-8760.77400534664,1126.92001086004,-8727.66572613792,1405.66155647793,-79.1050912754263,9.7182285423191,-79.0333855545426,12.1252545821994
-8665.64634113486,1102.25767024074,-8671.91054333915,1402.37466515795,-78.2287898019505,9.51427395717614,-78.5256669484735,12.1033869858877
-8566.45967922503,1100.27688682847,-8632.94383697647,1406.89088432821,-77.3321569233425,9.50611432621652,-78.1769665008953,12.1468688749359
-8473.02569660735,1133.11069586422,-8598.68409024476,1418.60892498,-76.511668347434,9.79830568461205,-77.8773516561271,12.2519966976633
-8397.13163703296,1196.50271625962,-8545.29238705186,1447.47146745175,-75.872104654225,10.3536402029475,-77.4201287812283,12.5075023613173
-8329.24174865165,1269.12639874841,-8458.94865825835,1498.46977637104,-75.3138155281113,10.9887792751366,-76.6852705201112,12.9585053394488
-8238.89038872475,1308.78323467375,-8348.71013339752,1554.65253779753,-74.5281413141332,11.3413693156367,-75.7394869251014,13.4579053196717
-8141.67950273531,1328.3294789106,-8239.39467534584,1598.07052189597,-73.6644918715993,11.5207420423993,-74.7901476084015,13.8474036071083
-8048.16817923867,1361.37493133649,-8158.75672617256,1629.01675920553,-72.8450935759644,11.8170530784847,-74.0888572273495,14.1256990839795
-7965.5410355599,1417.20665638707,-8044.0284703652,1671.60049521055,-72.1432389711122,12.3104560367348,-73.0896697599614,14.509586025559
-7877.40577477958,1438.59085697028,-7910.4634458595,1701.10745892312,-71.3630643602538,12.5056782467007,-71.9059823770823,14.7828242890481
-7780.57019787036,1414.66224133,-7696.02125841674,1677.94231812053,-70.4662599830535,12.3078685776805,-69.934709721397,14.6082001994345
-7689.7050836898,1388.77172744472,-7580.09563318273,1632.47875442268,-69.6227575656561,12.0918989688607,-68.8388067383094,14.2261946341995
-7614.15560013864,1331.27687531446,-7486.24358416317,1587.09317874621,-68.8946652822141,11.5986711922963,-67.9457508170538,13.8414029297678
-7531.85633797675,1274.63617185032,-7415.96503279343,1554.03980036195,-68.1089275126174,11.1127841040798,-67.2792550781859,13.5609008717317
-7438.98373762553,1239.98917688198,-7356.2598018633,1532.9572806635,-67.2452359421133,10.8189037853036,-66.7198287173895,13.3833602964468
-7339.24437286015,1237.22582015071,-7295.33941580344,1519.7788898316,-66.3419081076815,10.8033985322509,-66.1564513922281,13.274738673174
-7240.73666975237,1222.80201616366,-7228.48957096686,1513.47106626975,-65.4420784685174,10.6857472963325,-65.5452006195463,13.2265895031606
-7144.83378978655,1228.67063028967,-7150.00131146343,1512.92174223161,-64.5792289157726,10.7450095363757,-64.8332048202774,13.2298445889163
-7045.74544719217,1239.48312370427,-7052.3068184004,1515.55237216761,-63.6906966872216,10.8477599578826,-63.9496340109876,13.2627585387115
-6945.87314361377,1242.27905015475,-6926.04150259242,1513.69801659502,-62.7897973288491,10.8803950369836,-62.803445239523,13.2591232497535
-6846.21444134972,1239.02472194875,-6729.00744157478,1462.23797308524,-61.886961524814,10.8599057215882,-60.9786086471978,12.826963735291
-6793.44687864718,1157.98293390656,-6589.0295919997,1351.84916180151,-61.3611351586091,10.1535846782598,-59.6339892881026,11.8706103337052
-6728.65451075865,1082.28697800848,-6518.56883690923,1273.41848821997,-60.7337749030588,9.49437788578063,-58.9464473942748,11.1875208566054
-6661.03279663822,1009.09472556483,-6462.412401101,1215.67135300764,-60.0858263311036,8.85664190545993,-58.4042050103348,10.6844046161852
-6582.0787528986,949.069760071348,-6395.84684849541,1153.79567185253,-59.3451532734957,8.33450785932361,-57.7679159764765,10.1452728613791
-6507.0391026438,883.990290047212,-6326.16158220116,1091.64499292801,-58.6400406853527,7.76710180931755,-57.105886039717,9.60336970119941
-6447.19488746867,804.247767934391,-6268.57712947579,1044.4950072931,-58.0688441625287,7.06940878416425,-56.5627711542451,9.19216576425886
-6372.09424097386,739.282817666759,-6224.09204395421,1015.98908697804,-57.3689804444878,6.50171835422562,-56.1478944835137,8.94395944447309
-6280.53080253487,700.982489801641,-6179.7168164621,997.237051683449,-56.5319307722627,6.16869423823115,-55.7389943391756,8.78146248123765
-6180.80883738327,698.288066484489,-6116.36121382477,980.0250941062,-55.6334933845419,6.14904288486848,-55.1598991954477,8.63348034998359
-6081.39433600571,695.917468613773,-6026.35917549735,960.912117567814,-54.7379529912958,6.13213461641195,-54.3400195847689,8.47002822594506
-5984.83614651128,670.217829186494,-5904.97805307215,932.098103617095,-53.8611533382739,5.90933576302751,-53.233692807373,8.22236995334394
-5890.60085160576,637.285306895817,-5761.67712883365,868.12368851214,-53.0037831995474,5.6223069303294,-51.9174154670907,7.66483524759611
-5808.36571535673,581.277849319255,-5658.6918465038,804.943362518143,-52.2492983511674,5.13081485737628,-50.9674306803295,7.11144441876401
-5732.70382270796,516.056811010934,-5528.27933070048,696.046018598793,-51.5536444799665,4.55723494752533,-49.759596467959,6.15413169974965
-5670.8414128826,440.518748308859,-5445.87900185891,584.955079490585,-50.9823107363138,3.89162494650589,-48.9894557804663,5.17439957787164
-5639.8835516635,345.583492306109,-5386.61454350665,483.971273001756,-50.6885787736739,3.05351981224942,-48.4349993206885,4.28257565165346
-5593.72480787874,257.711144206073,-5340.06190122087,398.481872080213,-50.262874263097,2.27772017255074,-48.0016432385137,3.52702847272414
-5540.90097449264,175.973284022285,-5298.75487224236,327.946029437103,-49.7810361760115,1.55578282098813,-47.6203892315473,2.90337873236334
-5502.26255178386,84.6531230236963,-5264.10442695197,279.137383904028,-49.429107610611,0.748588446715275,-47.3032703948974,2.47174226565014
-5435.22270283378,11.9319690777675,-5235.31711126314,249.787239614673,-48.8254645709396,0.105555288641544,-47.0416118098661,2.21220088929374
-5347.60223862636,-33.4581018269165,-5200.81420253921,225.805013376611,-48.0385472609586,-0.296131788656438,-46.7294166460386,2.00018492829435
-5255.89103470949,-64.4967307575688,-5143.08799961007,197.87857566458,-47.2152725641964,-0.571141064575244,-46.2085182933586,1.75336208801105
-5160.30375731992,-93.5118128945749,-5057.29315552349,162.898735005184,-46.3574490290891,-0.82851273818301,-45.4353510738171,1.44407605894874
-5066.62169312533,-128.282101240079,-4960.1503024614,122.985280029072,-45.5172896715598,-1.13714805020777,-44.5605356458455,1.0908050096362
-4977.18832848777,-170.711171544415,-4862.76180289182,80.1805568617059,-44.7161552791289,-1.51397000567191,-43.684077495536,0.711509511301404
-4895.87115391217,-228.515346299503,-4784.57956978536,45.1311492785333,-43.989724231144,-2.02746390027869,-42.9809665286904,0.40064477017024
-4800.06149291574,-256.474871627268,-4718.74203111584,22.4538205481529,-43.1312556349143,-2.27663617567499,-42.3892680397947,0.199395539536101
-4703.6553095613,-282.764601835432,-4641.55622145117,3.22630130224487,-42.2674388827971,-2.51120306916501,-41.695810728523,0.0286611818606149
-4605.93502392988,-302.319184892544,-4554.3513230694,-13.8966320099672,-41.3912516363217,-2.68614137860162,-40.9124662586574,-0.123503881101224
-4506.28441608442,-304.720630344533,-4457.01868836921,-30.6061005196995,-40.4959849612595,-2.70876238384225,-40.038233121426,-0.272130873350955
-4409.96143778356,-321.774816513424,-4303.30123302838,-76.158816758181,-39.6321047234553,-2.86164405482433,-38.6581278339973,-0.67763344251944
-4322.76923622114,-370.588975218525,-4191.38462117829,-131.778109442416,-38.8538788756643,-3.29707031527441,-37.6545179969883,-1.1730940752943
-4240.29187294282,-426.402031814625,-4096.58052825159,-186.561147044069,-38.1194883613431,-3.79502358383095,-36.8054394243502,-1.66145360272696
-4164.24884946029,-491.087922030158,-4017.95139757807,-232.977367842444,-37.4449635597143,-4.37218577939483,-36.1018737233261,-2.07550947636731
-4077.33082805403,-539.057142866422,-3943.90548184476,-272.212619013917,-36.6708136090232,-4.80104481449022,-35.4394313709218,-2.42578435862205
-3979.24608757012,-556.97767360979,-3851.52067351521,-318.60438500995,-35.7915402534912,-4.96268973883319,-34.6131520769008,-2.84025932081475
-3899.32196626271,-609.999434203437,-3674.87054999113,-477.25694591226,-35.0815506836884,-5.4368902321405,-33.0426842373679,-4.25752802868997
-3869.26165776879,-705.127564011551,-3612.69143007052,-615.590834989157,-34.8289544063122,-6.2855144028338,-32.5037182365029,-5.49286256008622
-3841.27218764324,-801.052776999937,-3573.52720884098,-775.205396245371,-34.5975081759207,-7.1413805066119,-32.1806397336206,-6.91808204299632
-3850.76894780642,-899.413741107578,-3589.65726234112,-957.530832441463,-34.7068705951234,-8.01794643486903,-32.3678827711103,-8.54464748013186
-3873.91991755288,-996.349570036542,-3624.87173154419,-1082.82574696686,-34.9419150057834,-8.88124731692201,-32.7198265967099,-9.66143065171024
-3923.12822901282,-1082.66953223084,-3693.35367957988,-1228.9706201964,-35.4119025672111,-9.64873615296134,-33.3844648007508,-10.9624997934981
-3990.59247348658,-1156.28868082677,-3766.65791129891,-1329.1989682605,-36.0453229077036,-10.3019420748737,-34.0831538933942,-11.8531354404516
-4058.56924031552,-1229.40623321946,-3823.64157483534,-1404.03440774923,-36.6856983901568,-10.9502331987778,-34.6280746677186,-12.5176306302858
-4112.87706663876,-1313.03133194265,-3872.19427999008,-1472.45005764132,-37.209238724416,-11.6923344112895,-35.0963908809419,-13.1250011311487
-4162.7333800104,-1399.36727612513,-3909.95256606966,-1534.75494158568,-37.6967760269342,-12.4584168488219,-35.4661840531983,-13.6782412327997
-4219.4371829355,-1481.17227638744,-3935.93210669906,-1591.15273393845,-38.247577786121,-13.1833984810569,-35.7280027684317,-14.1793372200279
-4255.96579273004,-1572.71330374995,-3955.29092362988,-1651.5836915128,-38.6234797227948,-13.9958488642086,-35.9330239350834,-14.7166487298023
-4261.73687165848,-1672.1907885011,-3968.88907419054,-1718.12695834836,-38.7278365572983,-14.8806607483046,-36.0902810615591,-15.3086851398485
-4254.9810301867,-1771.78328003461,-3979.67938394634,-1801.95329832512,-38.7218163810825,-15.7673177786028,-36.2330332543543,-16.0548052684868
-4265.37763652551,-1871.14033294242,-3990.48737120794,-1902.00431486968,-38.8752280682319,-16.6506455566564,-36.3878591210592,-16.9453817859291
-4275.49267721787,-1970.547382185,-4003.88140754056,-2009.04567000792,-39.0298713497156,-17.534341129456,-36.5742413082091,-17.8979371628806
-4297.07873936656,-2067.82945175055,-4023.86960779168,-2124.50103621705,-39.2917720346758,-18.398083272363,-36.8308087568948,-18.9247842438064
-4315.82627118721,-2165.44648412805,-4053.40537677129,-2242.72408288348,-39.5320278637266,-19.2648581290337,-37.1822304249211,-19.9752679901217
-4349.50308494727,-2257.14795887439,-4090.47368123584,-2353.63844268511,-39.9088768875565,-20.077477555798,-37.6035174050222,-20.9596888114033
-4398.7062722412,-2343.88216111422,-4131.64475322192,-2457.02798214728,-40.4286681557593,-20.8441380735305,-38.0625304241973,-21.8763624907258
-4421.7422887004,-2440.46667185764,-4181.7519814778,-2565.03254975512,-40.7203794115522,-21.7005883478262,-38.613548361747,-22.8328228580729
-4474.19268475336,-2520.63192556656,-4255.23293805808,-2684.44361882434,-41.2733367113921,-22.4077681086177,-39.3978735811764,-23.8877657339213
-4536.65051312635,-2598.38035872781,-4417.70520747991,-2822.81736810034,-41.9207513040798,-23.0919295506593,-41.0365670163993,-25.100156916533
-4635.58735493215,-2607.2411503908,-4550.32739637345,-2876.69201458666,-42.8432028430894,-23.1595572525886,-42.3244171228442,-25.5630061427095
-4733.50719207391,-2626.14215923478,-4645.0609553723,-2905.54473354538,-43.7665161096751,-23.3161014776652,-43.2365754701338,-25.8074259288951
-4825.98507638525,-2662.98157599009,-4714.9087954695,-2930.59775474425,-44.6586737355262,-23.6320388206752,-43.9143849446541,-26.0208711890641
-4915.02987432787,-2708.0604688865,-4772.43453246934,-2958.4930645569,-45.5297962885702,-24.020932952196,-44.481752236386,-26.2608796498036
-5006.61297127975,-2746.93294758139,-4811.44129002743,-2984.9952026225,-46.4202497043689,-24.3538982192353,-44.8759491907822,-26.4907964798277
-5087.22359216058,-2804.14092171522,-4838.23427482377,-3011.71239495249,-47.2320550214258,-24.8501991177479,-45.1572784653114,-26.7241591147427
-5146.80859162045,-2883.02760049399,-4856.43511784175,-3039.18567818777,-47.877900201417,-25.5407765749157,-45.3599895103577,-26.9653351156557
-5174.90751346834,-2977.84953815153,-4873.00539428978,-3078.44701619859,-48.2555079931228,-26.3764364884097,-45.5625128015885,-27.3112289037097
-5171.16984162857,-3077.45707738318,-4889.48722875393,-3140.61113683245,-48.3477164321499,-27.2589486962761,-45.7940696497047,-27.8601624141956
-5170.97056629954,-3176.82642170174,-4910.53450390488,-3237.77513738612,-48.4777248380304,-28.1388127284142,-46.1166628492579,-28.7186371662978
-5207.54405479211,-3267.57062558414,-4960.30366195416,-3383.32487861029,-48.9462803246627,-28.9363862823486,-46.7829285183196,-30.0012898025922
-5265.25549528364,-3348.95679310555,-5015.99516352623,-3488.93861939182,-49.6063649755453,-29.6472167327339,-47.4610634114586,-30.9282469458944
-5307.59167843175,-3439.14927527791,-5068.68252284017,-3580.42999784608,-50.1411147310709,-30.4379999381055,-48.0983600336125,-31.7299170313196
-5352.60677246485,-3528.05318943888,-5124.56884208889,-3671.98437843887,-50.7060119582204,-31.2164278473209,-48.7738269411233,-32.5309780407862
-5417.19811911265,-3604.21860160748,-5182.28106786309,-3760.53306406917,-51.4425050409811,-31.8780946885464,-49.4697243781488,-33.3044475894826
-5475.89845620614,-3684.41813244704,-5233.47992692105,-3838.74636292536,-52.1364433120436,-32.5758534821965,-50.0931853047216,-33.9870453452153
-5519.12403825326,-3774.393585668,-5285.09570620208,-3921.45348872977,-52.7073368128574,-33.3623921621282,-50.7352660652818,-34.7087895532834
-5571.80736031221,-3859.10467539994,-5359.66093952267,-4028.30516179933,-53.3665819533568,-34.099986173695,-51.6514773716119,-35.6387747397068
-5635.85445048859,-3932.88418190684,-5442.13686806755,-4120.5814776652,-54.1212691630816,-34.7380586237568,-52.6280058547153,-36.437160067415
-5717.73025079263,-3986.70339247675,-5507.38640857508,-4187.20901727174,-55.0140235957482,-35.1954311922521,-53.3953590892845,-37.0116815891331
-5789.25483278304,-4055.23299307437,-5545.95764319525,-4232.03607046585,-55.8427830200696,-35.7840725157077,-53.8635275057793,-37.3990470475513
-5831.17673963613,-4145.03465156663,-5577.15652057157,-4282.56742588374,-56.4384405554291,-36.5662974022435,-54.2752263896734,-37.8382103702292
-5861.30436497679,-4239.93757455062,-5623.33075465394,-4369.69392976478,-56.9399653708692,-37.3957676564908,-54.9180995184907,-38.5966976381975
-5903.97672468608,-4330.04876416965,-5700.58334130964,-4491.2092196427,-57.5615378888296,-38.1795494679752,-55.9557971639311,-39.6504798396877
-5986.48935475175,-4383.4318707101,-5829.71968611183,-4607.14144993796,-58.4925618405159,-38.6292532108195,-57.5100193429422,-40.6403363220653
-6079.37859776186,-4419.52006374958,-5909.39401999651,-4661.99555886175,-59.4877404782528,-38.9232324511998,-58.437078170132,-41.102899086299
-6168.15121280148,-4464.09481193118,-5965.57114715657,-4704.3668743916,-60.4680042119818,-39.2921486182448,-59.1044625326827,-41.4610950929527
-6235.96294072349,-4536.25960205611,-6002.10178480372,-4739.55105904078,-61.3203102714453,-39.9084456460083,-59.56122540215,-41.7609822041464
-6277.00071152852,-4626.41401586602,-6029.82910333362,-4777.2499875702,-61.9669383949516,-40.6895004720221,-59.9399039541309,-42.0852377183281
-6326.00440783859,-4712.98124603765,-6058.32229776524,-4833.2609953588,-62.6927784416564,-41.436199013247,-60.3803546241727,-42.5702947022913
-6346.12675046092,-4810.18552612991,-6092.4921591582,-4914.32986639256,-63.1740854632982,-42.2842081697116,-60.9551442176106,-43.2739943992947
-6389.99946374107,-4894.23825124546,-6127.01431103014,-4999.29050209699,-63.8631583157488,-43.0092740281641,-61.5543171250478,-44.0114458266852
-6441.25136952806,-4978.65772781059,-6153.3460836143,-5070.17532736182,-64.63786789515,-43.7347085443963,-62.0371107042004,-44.627160053108
-6461.85340417499,-5072.9298095175,-6164.03973187211,-5113.87056130718,-65.1484192778694,-44.5556972121868,-62.2824083315075,-45.0082699948989
-6466.49748996641,-5172.64802099158,-6165.3594856122,-5154.2096517059,-65.5278317121837,-45.4294312710752,-62.4246957822528,-45.3626932362116
-6448.7041316174,-5269.37871121182,-6156.59450800878,-5213.68728132099,-65.6806164001073,-46.2843554378201,-62.5292786360693,-45.8886068354377
-6401.3422675135,-5356.0099066437,-6137.92705974803,-5316.6945730191,-65.5045474715732,-47.0607455162215,-62.6827860152869,-46.8007118905855
-6385.4517602336,-5452.98018237961,-6130.69398576409,-5470.51226336695,-65.6935077397749,-47.9178102673335,-63.1425549573654,-48.156563609938
-6430.78169301456,-5538.34865994781,-6157.37033317677,-5614.35868438219,-66.47918660391,-48.6520906051535,-63.9430134833021,-49.4136330101812
-6473.11944244514,-5627.29267129671,-6177.69996849688,-5689.80750529849,-67.2617150423553,-49.4182902255158,-64.4408640329018,-50.0707010625723
-6492.27933272935,-5721.90100896621,-6182.49428502068,-5728.26798928201,-67.8410954393072,-50.2421342248662,-64.6401587357626,-50.4075099011126
-6484.12646724943,-5820.0580398908,-6179.07729225679,-5776.96009201618,-68.1640563252451,-51.1070858906314,-64.7964617820683,-50.8372098644214
-6442.09772875993,-5909.10358372423,-6164.00199087922,-5876.849106955,-68.1034275010399,-51.9048614144388,-65.0416798685143,-51.7217308325434
-6438.98847384869,-5981.88451749845,-6214.61367679264,-6128.12102114471,-68.3893334348172,-52.5456037376494,-66.6580178730007,-53.9157572123675
-6523.47530655868,-6034.92575146078,-6320.89482467681,-6249.21764524779,-69.5230759560447,-52.9795688694141,-68.3591158568621,-54.9417951877031
-6585.16044004125,-6112.5099791834,-6423.63630323897,-6335.75508261533,-70.5401338360157,-53.6370621998965,-69.8908320868167,-55.663294194494
-6662.45489104827,-6155.09034836601,-6675.0037716372,-6419.05470235431,-71.5695968657296,-53.9802775453152,-73.0494333415006,-56.2933977237578
-6759.82495144463,-6134.06916091434,-6828.77982603253,-6394.19770788217,-72.5071061492449,-53.7565727840974,-74.5876187965558,-56.0101453675509
-6850.68405739768,-6093.03367526487,-6960.18564668362,-6347.49656699839,-73.2747747102338,-53.3597888659229,-75.7593376485599,-55.5440597898789
-6940.07709150306,-6048.44268107715,-7067.37908032883,-6296.92689223484,-74.0070750292244,-52.932489474971,-76.6435833922463,-55.054433973301
-7032.66553505578,-6010.85701593904,-7176.2348501448,-6235.0146881416,-74.8050280384742,-52.565252371292,-77.4813027948833,-54.4649316626026
-7111.69373220117,-5950.81468270963,-7297.09631476592,-6139.58884864999,-75.3486071077298,-52.0073073972812,-78.2667406564082,-53.5776508121556
-7163.84302398773,-5866.04048149253,-7396.10885336743,-6017.47286776663,-75.4922689672733,-51.2447865893361,-78.6835151610582,-52.4681395604664
-7215.19829458159,-5781.0060533385,-7458.67784775451,-5909.80232291869,-75.6322801614585,-50.480937213197,-78.7992894921799,-51.5019301953082
-7265.0352842863,-5694.84897623959,-7508.14128331853,-5811.37428420728,-75.7573015484608,-49.7085176931238,-78.8338649213285,-50.62289858678
-7307.76812928122,-5604.71543513559,-7553.31403133228,-5712.98581684672,-75.7975076582731,-48.9048793142221,-78.8338449678052,-49.7468257555251
-7331.19816673509,-5507.60873292686,-7594.91996114637,-5613.93205257899,-75.6170188339827,-48.048688168069,-78.8039256106249,-48.8671951111996
-7368.88053004821,-5416.12375384723,-7637.91684930419,-5498.83555933706,-75.616474206795,-47.2363472938316,-78.7271686934659,-47.8481712436574
-7409.98766451725,-5332.50238644472,-7666.23893678325,-5368.18845414775,-75.6906543979907,-46.4917092347771,-78.448374168194,-46.7007743300847
-7382.97852753262,-5238.32251293374,-7676.28308357438,-5250.8972940367,-75.0389748331045,-45.6815452610943,-78.0595786758574,-45.6773683620873
-7387.60650877226,-5138.62361662473,-7680.03725079025,-5159.07443051478,-74.6992648617221,-44.8111960437326,-77.7260631144305,-44.8779762254352
-7407.84848193268,-5041.71906781728,-7688.4767693747,-5092.94622339571,-74.5385785359083,-43.9596129507608,-77.5502217601606,-44.3001377985295
-7438.6003118394,-4947.21674263381,-7706.76861881168,-5001.76223457548,-74.5011098349908,-43.12548415643,-77.3827059070703,-43.5010153361038
-7455.51970890159,-4848.81682053739,-7726.68649085912,-4899.61942883945,-74.3205217229156,-42.2627310442285,-77.1999188232204,-42.6063875850477
-7471.88557365463,-4750.24151052266,-7744.98265230285,-4797.62286133482,-74.1436320165513,-41.3988954100751,-77.0124812184113,-41.713940552999
-7488.88124440854,-4651.7709602093,-7761.93838457166,-4696.78041148641,-73.9828773270373,-40.535993609765,-76.8265064488426,-40.8322765133566
-7495.16295848761,-4552.51308023205,-7777.65569576572,-4603.64872969058,-73.7237746562152,-39.6700367403375,-76.6644545157508,-40.0182318297075
-7516.53600742499,-4455.92107137194,-7794.24864682507,-4528.46546335556,-73.6303657062568,-38.8224476098839,-76.5781264223045,-39.359879088824
-7555.61419718822,-4364.0737155622,-7821.16743813037,-4420.71327544861,-73.7316301819744,-38.0107454422993,-76.4940877239219,-38.4155779157673
-7586.95413712265,-4269.40673180491,-7840.31554018547,-4286.00775854945,-73.7554426381226,-37.1774176391618,-76.262601964443,-37.2403703846832
-7553.95367446631,-4176.29936557741,-7834.39497774495,-4136.57530850639,-73.1686118436523,-36.3778008317024,-75.7634535640649,-35.9456244222251
-7539.24922675721,-4077.77251352762,-7821.07781983376,-4045.31012070109,-72.7538638382805,-35.5250269458573,-75.3765896577906,-35.1577209863839
-7527.91886363604,-3978.49502756135,-7814.22779481951,-3963.27375130796,-72.3796899453469,-34.6644684424837,-75.0855463690649,-34.4477462889458
-7517.8038145756,-3879.11430788004,-7812.28843632421,-3880.43350955204,-72.0266828762866,-33.8024437859935,-74.8460970790595,-33.7292238210849
-7517.32699081935,-3779.19796120167,-7815.49009953192,-3802.36511453372,-71.7737209519545,-32.9329079218139,-74.6743284922178,-33.0505852178076
-7534.99126737215,-3680.90233925084,-7824.27123926403,-3722.60608717932,-71.7056779772354,-32.0725741392438,-74.5568183943605,-32.3557018027847
-7569.88320392626,-3587.38120194252,-7838.52773228378,-3635.30655579217,-71.8189477372297,-31.2494860630694,-74.4782832711794,-31.5939230051283
-7582.39981994283,-3488.28792913098,-7856.31415278984,-3536.41301158688,-71.7139274560821,-30.3840247141678,-74.411970492969,-30.7307037700779
-7595.40344137492,-3389.44274459013,-7873.80208792189,-3425.08453744317,-71.6213908907858,-29.5207228122759,-74.3222676928098,-29.7598409385496
-7613.91603357251,-3292.50288941336,-7883.80344483584,-3301.64320900405,-71.5916865661353,-28.6727990467823,-74.1455305527999,-28.6859445095296
-7595.91697897224,-3194.47276919287,-7884.91910494842,-3194.61832157877,-71.2243404908249,-27.8241095317497,-73.9311266126256,-27.7567632020487
-7595.45372883427,-3094.84173107497,-7885.51584130117,-3099.34237648512,-71.0260605909054,-26.9572027677658,-73.7442276210816,-26.9296258314752
-7606.80365946657,-2995.5619185347,-7888.12003752365,-3006.55284069452,-70.946026161922,-26.0907070427762,-73.5878844389017,-26.1235608089627
-7613.97172113873,-2895.95229666315,-7892.5575584723,-2909.32233219018,-70.8333405310117,-25.2223246910337,-73.4469443615016,-25.2785159738875
-7617.93740970409,-2796.10453545845,-7897.28283429344,-2809.0215340369,-70.6974796046779,-24.3525632471312,-73.3102211698636,-24.4067556218084
-7621.82178828134,-2696.2537311787,-7902.09156354425,-2712.30101017258,-70.5678381596083,-23.4827863141107,-73.1876064887833,-23.5660641908878
-7625.33046446477,-2596.38886601167,-7908.78527349815,-2622.2964711688,-70.4415711463262,-22.6129524870588,-73.0999734187436,-22.7833145313759
-7628.83914064821,-2496.52400084463,-7918.42706438462,-2533.10077371386,-70.3220750635303,-21.7431085894904,-73.046380204429,-22.0070596924499
-7641.97227222614,-2397.62122093676,-7930.89147121526,-2449.0622701636,-70.2990915103687,-20.879952063588,-73.0318626650866,-21.275131492658
-7661.04973665398,-2299.5327279603,-7946.31999260695,-2378.20447515076,-70.3378634424497,-20.0230167813564,-73.0683784462477,-20.657200180883
-7690.24101201096,-2204.32578287102,-7962.63245006108,-2333.4807238725,-70.4787593089445,-19.1897403995369,-73.1533844148426,-20.2660795906582
-7743.37479283295,-2120.71190918338,-7981.32461960473,-2303.30966764476,-70.8581486889466,-18.4539281116166,-73.2819087626202,-20.0009321866141
-7818.00619564396,-2056.41935851253,-8010.94996475805,-2272.27175689123,-71.4605987687918,-17.8833799563527,-73.5099160239106,-19.7264404682985
-7894.06803212465,-1992.72693624303,-8061.35183887193,-2233.20735642013,-72.0780524602392,-17.3184176687409,-73.9175727810639,-19.3788813992617
-7981.09803370891,-1944.19015481162,-8130.33530428919,-2188.57562080944,-72.814472548754,-16.8840102487356,-74.488178493,-18.9801522737717
-8070.93066376419,-1900.43993881865,-8210.87723668539,-2140.96084869126,-73.5823037390026,-16.4912023048087,-75.1608905272992,-18.5540151139376
-8157.45521230133,-1850.45410026962,-8299.03747091179,-2089.37673760907,-74.3130530678987,-16.0452718317577,-75.8983357780441,-18.0927191673026
-8243.95085828678,-1800.41606144964,-8392.66942841088,-2032.13246898605,-75.0439577596042,-15.5994199195228,-76.678841644484,-17.5821355875328
-8326.74501850089,-1744.71293531384,-8512.79176532345,-1940.38795638676,-75.735539949613,-15.105590798514,-77.658178766658,-16.7699629311178
-8397.04542875957,-1674.52546823367,-8606.8775955,-1833.40353133702,-76.2992018422132,-14.4887729166698,-78.3850102871479,-15.8316911995807
-8441.8843291425,-1585.56588585169,-8677.64924229433,-1728.52583447722,-76.6150403588273,-13.7136230863219,-78.9075835027135,-14.9163651712994
-8481.82041167859,-1494.71330079632,-8730.61884868492,-1636.09596599291,-76.8890111398778,-12.9232755733715,-79.2875590598283,-14.1118604084856
-8538.34788165793,-1412.43301429111,-8777.67561821166,-1556.17240990605,-77.3255059798815,-12.2056196973459,-79.6313203872813,-13.4166315198218
-8590.12219929084,-1326.96534708861,-8829.14531725279,-1470.73827746272,-77.7198484310728,-11.461638376748,-80.0133025138032,-12.6739464529831
-8641.89651692375,-1241.49767988612,-8881.30890305477,-1383.48800101616,-78.1181704446802,-10.7183141578147,-80.4039976950287,-11.9162080067593
-8690.55251054043,-1154.25235996445,-8932.57449243519,-1296.45305282775,-78.491050188364,-9.96061544090936,-80.7910704191631,-11.1611193388134
-8737.55724145755,-1066.07153792929,-8981.71916957786,-1213.67095238345,-78.852701682332,-9.19563993590285,-81.1667379423893,-10.4435286633903
-8789.43213535535,-980.910139683259,-9029.7058684062,-1136.49770395247,-79.2646513225624,-8.45693128061679,-81.5401391687933,-9.77491949483301
-8846.89177811716,-899.40207533724,-9073.69476742071,-1073.16077367006,-79.7331980276096,-7.74996513795047,-81.8907395163443,-9.22619518867045
-8908.18113479896,-820.478587952797,-9121.00594115927,-1017.6730504737,-80.241388415847,-7.06572602716928,-82.2789238588111,-8.74506288405699
-8986.21956441577,-759.174745545552,-9197.99356066782,-931.817510723819,-80.9125583795953,-6.53280230311431,-82.917067047612,-8.00113632931006
-9043.44122011431,-688.386386764818,-9281.93817119856,-801.122823596269,-81.3940291841362,-5.92032861910776,-83.5970989632452,-6.87312158790045
-9056.54487788817,-589.322789735772,-9328.93065221703,-600.857542041758,-81.4703086388148,-5.06773917324719,-83.9251352288211,-5.15259360415598
-9051.10855338046,-494.259766563415,-9324.71202842123,-470.737263645906,-81.3875746143999,-4.25053473065156,-83.8400588887759,-4.03698591277652
-9020.40157675131,-401.448993761953,-9314.22868825486,-370.196864267194,-81.0842803335608,-3.45346338563595,-83.7172951882896,-3.17513168762657
-9020.69699226329,-301.735737693791,-9305.9154091173,-279.365346686515,-81.0640237948877,-2.59568756608432,-83.6227139278032,-2.39629957397719
-9024.20577166892,-202.67684378817,-9293.97235147795,-162.745544814021,-81.0792320631857,-1.74347755107505,-83.4980702471441,-1.39615359288853
-9016.45964869117,-106.566790160503,-9268.29936671422,-39.4312674506773,-80.9999394380192,-0.916787514931737,-83.2590705617391,-0.338361258095187
-8964.48216992487,-21.4460859167536,-9226.68882944556,86.6242788465575,-80.5294626556694,-0.184594761582861,-82.8872585044045,0.743643339196879
-8936.44598987828,71.7852008315209,-9158.69155683327,213.548158686347,-80.2791266104365,0.618053927019844,-82.289030015924,1.83451121650442
-8871.29732999723,141.472921646665,-9096.11034280053,304.864155630957,-79.6986471542029,1.21882709816339,-81.7423378154229,2.62061883303527
-8801.28500233298,212.234281901069,-9035.37062755353,386.61755089244,-79.0776449977361,1.82969821604544,-81.2150072714029,3.32538226761749
-8753.83855862058,299.955393039126,-8993.12813395642,446.964980031012,-78.6656044722969,2.58712966449143,-80.851714340314,3.84604649839655
-8686.71731146308,373.270980374308,-8975.552569016,481.133024448425,-78.077982189447,3.22154124669467,-80.7040301362817,4.14076767415781
-8642.10992128047,461.638012027999,-8971.69335715622,497.580786483843,-77.7001926883254,3.98586990922045,-80.6745702371751,4.28248012109763
-8630.07236379982,559.885853864358,-8972.02803024832,506.654244163172,-77.6234379504122,4.83467705348206,-80.680545664607,4.36055413388173
-8651.64840625066,656.598729088321,-8974.60545350298,515.261980936885,-77.854521427738,5.6685934362692,-80.70658666246,4.43452078914614
-8706.54858475984,739.310918703949,-8979.73981250679,523.538166173044,-78.3851349622136,6.37927180179954,-80.7555585063848,4.50551593529248
-8788.05194107787,795.856141144704,-8990.94853345299,534.396349935536,-79.1466574811474,6.8617477084852,-80.8601036203831,4.59844434624207
-8883.72925710344,820.815570181921,-9022.71792386125,553.763143858531,-80.0213355565547,7.0703257689289,-81.1527107161904,4.76357920762475
-8983.37219011607,822.910381212774,-9085.49289299486,582.239376012438,-80.9199231808293,7.08139956915307,-81.7279671055092,5.00537558188831
-9063.93781340893,880.421565801512,-9176.30798238867,620.656136208184,-81.6779386451643,7.5701480853893,-82.5602385450691,5.3307152405432
-9156.25723168676,914.225571491584,-9278.3988388881,667.740260400711,-82.5300237303353,7.85344096948209,-83.4991401544233,5.7290901871443
-9244.7792158933,957.231996077037,-9387.14905406607,728.236300749855,-83.3549690383924,8.2153883130321,-84.5065372618077,6.24104041644775
-9317.99445346425,1024.14873174578,-9485.86647258761,795.770708142055,-84.0601402932284,8.78295622047797,-85.4306288054803,6.81267627353595
-9397.69254468119,1082.98377929698,-9578.54320111072,867.99399856157,-84.8215987714227,9.27970295523257,-86.3070566066283,7.42357902505974
-9481.07809266483,1136.81162007732,-9683.16380592766,973.817213686141,-85.6155403036998,9.73227792438045,-87.3183426357445,8.31910209632347
-9516.96645036038,1224.86176495371,-9757.08462103589,1081.96623977558,-86.0121024258951,10.4818867969733,-88.0639690014696,9.23535431725665
-9544.04365988142,1320.12326353328,-9806.54997656183,1168.4244221196,-86.341790378115,11.2935879288769,-88.5800966024112,9.96773016430674
-9597.63955019274,1403.86226489002,-9836.99063982381,1215.33288598037,-86.9071572048967,12.0028216164552,-88.8952734383299,10.3643043370272
-9668.43512759373,1471.92500370754,-9861.24825783846,1240.87044146792,-87.6178526663133,12.5748945911522,-89.1370987562144,10.5791779473296
-9754.79952013632,1520.62119739228,-9895.32056342573,1263.78762033091,-88.4527641154966,12.9784940035479,-89.4658261629189,10.7704173262946
-9848.86854923171,1553.71413166617,-9958.75948772532,1293.6134660387,-89.3424721808467,13.2470484180269,-90.067094057107,11.0166961236757
-9940.39705719833,1589.07002506237,-10046.6156633844,1329.56577671462,-90.213296394832,13.5345069522632,-90.8962000362278,11.3115367386003
-10033.5800017985,1620.09844283507,-10149.6053995213,1374.35615367404,-91.0955992399461,13.7841328615722,-91.8728358359229,11.6787028023053
-10122.7276891619,1661.65272920426,-10258.8149928893,1432.31823715717,-91.9557766853985,14.123103031238,-92.9223930450375,12.1556573657655
-10190.7946510648,1734.59036136476,-10346.6620580656,1487.46591589623,-92.6675736939005,14.7310839311514,-93.7791172767306,12.6104779243855
-10260.8058212234,1805.53425604848,-10402.7985393993,1519.62083255963,-93.3998151526393,15.3206894593188,-94.3247764189119,12.8744034604146
-10347.9981270641,1852.94534857862,-10451.8519614228,1539.93172194627,-94.2599572892111,15.7066058391391,-94.7933063058583,13.0387833826063
-10446.694485818,1863.43216047045,-10509.6893442956,1554.84282772604,-95.1735576710401,15.7769275380338,-95.3355044590702,13.1558628627149
-10544.4031867754,1843.67749140059,-10586.4227947398,1567.49106758352,-96.0342621004682,15.5914921403037,-96.0466476233764,13.2505568966127
-10641.1549558092,1848.80824043402,-10700.1567600372,1588.09563504877,-96.9223213602899,15.6164846729316,-97.1036489396367,13.4060302850196
-10734.7213964301,1883.53834899018,-10828.4401599648,1626.18859077608,-97.8258232056143,15.8913277659999,-98.3161227837504,13.7056361846266
-10823.6533231351,1928.46149339056,-10936.709784593,1670.0809745178,-98.7048509796886,16.2520550339694,-99.3570354252114,14.0562226392171
-10916.9483299752,1963.78586289661,-11036.2582777437,1715.86094145132,-99.6110550853074,16.5301090628114,-100.324111098755,14.4230181276486
-11007.4093483092,2005.85985534528,-11133.4747395778,1764.72488740794,-100.504556463959,16.8645528285047,-101.277373792784,14.8149334705999
-11091.7085995535,2059.08117687262,-11227.5565658024,1815.59826555796,-101.363520190822,17.2928518921929,-102.208420380506,15.2230553007309
-11173.8393106196,2110.94448465055,-11316.0297043485,1866.02029739909,-102.204123923583,17.7090894719086,-103.091212393778,15.6272911280795
-11265.5097350114,2148.69832164715,-11409.2016289528,1922.47545581774,-103.109877687211,18.0038432275309,-104.0300948891,16.079745037336
-11343.0930087993,2208.25353054486,-11505.599710653,1988.33922699658,-103.930133436236,18.4832682400924,-105.01874249161,16.6085700999951
-11414.6349799221,2270.71489280957,-11620.86444092,2093.18963443013,-104.705536532181,18.9872496637082,-106.255765512647,17.4559978657182
-11476.7891245488,2346.24603200772,-11703.9084992987,2209.4392134097,-105.426678860757,19.6015169450765,-107.23417066886,18.403118218625
-11503.428709769,2441.62661436469,-11756.4129148532,2304.02886714069,-105.8711034831,20.3897387488637,-107.904103369061,19.1758350428341
-11520.0108428868,2539.880578896,-11788.7755341119,2358.71663703611,-106.239324827957,21.2040433194252,-108.314615384288,19.6214044690071
-11565.0223146596,2628.09060028972,-11816.8014633636,2394.22603411391,-106.856555827153,21.9256318134392,-108.647458983784,19.9084976928205
-11638.136813351,2695.3696627744,-11845.2054723352,2419.75260612178,-107.691881148564,22.4632609254508,-108.963556950721,20.1123755616452
-11730.9284075276,2731.11145874067,-11886.9719294527,2446.1111363547,-108.636921481581,22.7312715577811,-109.405184395799,20.3191172517674
-11830.6338037468,2734.03946847664,-11975.9874984282,2494.38848647867,-109.565672897489,22.7238450925439,-110.331994253943,20.6932446774446
-11901.2242903307,2774.87741399302,-12091.7865308508,2586.2693253286,-110.321881546117,23.0395010614631,-111.612817772056,21.4182931931062
-11944.222053495,2864.36872519159,-12183.0006146354,2697.64259510358,-110.95426505157,23.7661978397057,-112.72879377735,22.3089629248976
-12011.2837830013,2937.93084841382,-12248.0998915375,2798.54748132063,-111.77629640128,24.3515723433695,-113.592593020175,23.1192742755806
-12061.4635917561,3017.98739221419,-12301.5460419199,2896.42645392919,-112.468131347766,24.995209644065,-114.353889902806,23.9068154232529
-12080.2215429461,3114.23842028659,-12344.056803642,2982.60884285079,-112.924497124822,25.7830403943585,-114.992778673923,24.6005650787917
-12127.6244462818,3201.29413902505,-12381.5915970849,3051.99661999909,-113.631582483698,26.4832547504338,-115.545344816378,25.1570269565867
-12199.2437392463,3270.6476648716,-12438.2318809137,3152.00066153166,-114.519476159044,27.0266741601387,-116.377480752832,25.9565585204148
-12242.0551190638,3359.26253270407,-12492.4431962956,3317.15514691401,-115.209261513707,27.7388380075309,-117.415697785813,27.2893513722157
-12212.9147923297,3454.49392598131,-12502.6094244602,3452.16733829724,-115.257042818666,28.5347149845725,-117.972039525186,28.3914248253426
-12210.7320404492,3553.19133739667,-12502.4792784366,3551.31963929862,-115.581308774802,29.3478653333436,-118.324427616673,29.2036624575465
-12224.3042689238,3652.06242834899,-12505.2868190457,3633.5278073164,-116.067641592106,30.1552038025517,-118.653954156637,29.8755785300801
-12233.6521328666,3751.5503919765,-12513.1520725309,3711.23685589642,-116.529952741132,30.9689844006611,-119.023244815545,30.5080655639955
-12240.4149128988,3851.16513608398,-12525.7355412468,3776.43222848245,-116.982117935568,31.7845614133119,-119.396463874759,31.0355936179659
-12246.4972005651,3950.62184072871,-12543.2329167813,3829.00791346088,-117.441304946952,32.5987658590495,-119.771898813056,31.4571918222451
-12280.4763305397,4043.62539599921,-12567.7220510418,3877.80368788512,-118.154434542297,33.3455694863299,-120.202784672482,31.8441067284522
-12345.0571779027,4119.0607912128,-12603.298595013,3931.15762884397,-119.098594488727,33.9314109660573,-120.762462730935,32.2622670936585
-12432.5823327311,4166.93829835109,-12659.3092087735,4006.47348248516,-120.150795879239,34.2778978545762,-121.616762637678,32.8484588239431
-12476.6538427338,4243.19721688185,-12736.4486071207,4166.67934816502,-120.921396776704,34.8782298601217,-123.067457315106,34.1133063077743
-12485.5822633865,4342.72402436625,-12764.1340487182,4311.58018305856,-121.474594425176,35.6869790891367,-124.014571474465,35.2773021876668
-12501.1618029561,4440.86371972715,-12773.877109728,4420.96841622425,-122.101865341054,36.4801463838958,-124.645661238856,36.1613784662504
-12500.0750626117,4540.78429367873,-12780.7258685026,4523.42418283892,-122.592931962381,37.2969233275514,-125.233330143084,36.9902446014669
-12504.6214305391,4637.61358018289,-12786.2615529426,4625.65427242061,-123.139499149861,38.0849291460712,-125.825443555346,37.8176368856105
-12522.5520418754,4735.74595368233,-12788.03156061,4740.63018821663,-123.840986574866,38.87509304599,-126.470235947668,38.7505167983553
-12507.0408826021,4831.98088834877,-12776.0353159809,4880.73032592092,-124.221214320834,39.6699888271359,-127.149276280327,39.895976421089
-12488.2092219263,4928.63733803852,-12729.6831069659,5029.88902600352,-124.586893267902,40.4707009193012,-127.578674193561,41.1380575725311
-12426.9787106798,5007.4413587529,-12678.9823924014,5137.3272129761,-124.442076340308,41.1534029055452,-127.739017279889,42.0454645522089
-12376.6564475971,5093.50674792726,-12628.8209575652,5231.38379415637,-124.457601398474,41.8894350977181,-127.836979895268,42.8449164618587
-12343.349539592,5187.51613944371,-12569.4203110314,5333.22743809187,-124.703442956348,42.6801764963489,-127.90800853606,43.7154284770099
-12281.1553525749,5264.32145240371,-12501.3844528901,5430.01883918492,-124.564565923765,43.3503010610598,-127.873994052091,44.5523799375669
-12213.2709798095,5337.52217352694,-12436.0748629498,5513.91915821935,-124.352752131805,43.9958180266389,-127.791878756419,45.2837230143721
-12152.7281220419,5417.01974881524,-12380.7057722748,5585.36132538982,-124.263363077594,44.6890904168002,-127.73272032444,45.9073503203479
-12091.4661692754,5495.96446040653,-12334.5376908666,5652.23422001697,-124.171868506836,45.3794458115926,-127.742248611095,46.4878454063351
-12038.2638547288,5580.40549922167,-12290.9288997622,5724.39581228661,-124.209475811761,46.1105104782229,-127.824520351391,47.1105640694727
-11989.6967673328,5667.70798087555,-12254.0453741382,5794.6502988172,-124.326413510395,46.8629820203534,-127.970913803203,47.7134969495886
-11952.1531913784,5760.19880307539,-12229.2124166765,5854.85546665083,-124.607915673906,47.6514153784884,-128.173851538897,48.2256864381205
-11919.3958646278,5854.45522430158,-12216.3949787667,5905.03303878991,-124.969001497022,48.451953986505,-128.430354987311,48.6469531847186
-11895.9334890586,5951.43805320251,-12210.8046964127,5962.27762399258,-125.466476713249,49.2691145258346,-128.823899152714,49.120927672838
-11907.8610573588,6050.13241667792,-12211.5125305809,6039.94627595325,-126.369172109191,50.0745981126323,-129.457666421969,49.757874014705
-11951.0990695234,6139.98156935258,-12214.4163228389,6136.85583820432,-127.554934074272,50.7829750908747,-130.292797824764,50.5513097606332
-11930.6313718971,6237.07020551234,-12211.8508230058,6254.20755251043,-128.157007636081,51.6003171346333,-131.275948863292,51.5175056076233
-11923.8369456036,6336.76543044679,-12201.9242161811,6367.03510260258,-128.952153175035,52.4293629929341,-132.179982770971,52.4534238318373
-11907.1003246394,6433.36081215481,-12191.1157976408,6463.90421177487,-129.641708510469,53.2416587152157,-132.961994687658,53.2598270596072
-11896.4923916559,6531.55564285954,-12183.5070272981,6549.47435713137,-130.439320266823,54.063314572863,-133.697659297568,53.9713918053888
-11895.6331708947,6631.08221943509,-12181.1957717326,6627.93520487299,-131.385494653819,54.8890108199264,-134.443380151094,54.6205722073564
-11896.9389406447,6730.74775258594,-12185.3792150058,6697.58165632285,-132.390301801329,55.7150677329984,-135.190661600677,55.1919621405616
-11889.3209848705,6828.84930982083,-12194.9998826426,6749.03181074958,-133.316428547456,56.5369742604903,-135.825214136057,55.6086174068646
-11916.6195465025,6923.37771668955,-12210.5901306419,6793.96090487397,-134.624148234573,57.299973520975,-136.466381512038,55.9662200819781
-11975.3604765829,7002.31002372527,-12235.122269815,6840.13589288726,-136.144778517599,57.9053910277091,-137.227499641561,56.3261447125294
-12051.5435410265,7066.48403541106,-12268.4538824967,6886.30017478056,-137.721784151292,58.3713000438299,-138.095015280528,56.6779090591408
-12101.5516836318,7152.15773001315,-12310.0650400496,6930.91730273828,-139.286548392705,59.0396661667582,-139.047089189704,57.0090330098013
-12170.2047514991,7223.81429603752,-12351.5280933064,6964.39999014325,-140.927727213339,59.5733802842377,-139.881635434059,57.24777545703
-12260.8687307424,7264.12996145711,-12394.6979064511,6989.32674200023,-142.452691992131,59.8234326203216,-140.643269945193,57.4137611581351
-12359.4572606174,7279.54640470819,-12448.1552077647,7010.48511932116,-143.761660734945,59.8565728591365,-141.47916496569,57.5384934511522
-12449.8275910346,7321.7181092815,-12507.3433460627,7025.69242181517,-145.327667842015,60.1192933634594,-142.312179001949,57.6080681188611
-12546.8332051955,7340.11417258982,-12567.2043804611,7033.68698241429,-146.668219528719,60.1758010743014,-143.069532507936,57.616893235825
-12644.2668963057,7323.34560201417,-12631.7737841417,7034.34438335046,-147.549995228468,59.9381991532121,-143.792711700549,57.5601987861931
-12742.4771523522,7308.84874978657,-12709.8446811042,7027.67580702428,-148.468367152657,59.7181797076971,-144.577936449919,57.4296562570377
-12841.7257920794,7297.66589861603,-12801.7766584527,7015.57859771929,-149.440143751397,59.5239428892984,-145.450636649866,57.2405136453822
-12939.0373697825,7275.13153995368,-12899.9773581139,7001.52669681066,-150.237681844982,59.2374206813953,-146.367510402065,57.0286959822362
-13038.2468843573,7263.51063682365,-12994.8612801355,6987.56124980224,-151.198822119992,59.0384881661165,-147.246937419262,56.8203907111804
-13137.5228109309,7259.51313185844,-13079.6440799559,6972.36216939397,-152.259926342336,58.901389901669,-147.998738595009,56.6116928517632
-13234.9207355119,7238.87516986435,-13163.9885984535,6953.28318075056,-153.076909653203,58.6290889679573,-148.698025725728,56.3715897518234
-13327.4957411155,7201.25641867716,-13252.1850681865,6929.99078731447,-153.613768781355,58.2230822033352,-149.38810471011,56.0932511273779
-13422.1140641307,7169.74522566849,-13346.6119073858,6903.33258548338,-154.253877335935,57.8651922129695,-150.105185717405,55.781314979401
-13519.1972003602,7146.08637340475,-13443.2094090756,6876.15196089944,-155.023063384233,57.5686633024498,-150.83851381139,55.4630221000879
-13615.6572788072,7121.36186746845,-13532.7000149032,6849.98792108946,-155.76985981822,57.2641041393948,-151.505187306724,55.1603016331498
-13708.1852271783,7084.01735106014,-13625.072536363,6821.08605808272,-156.308571980168,56.8619872746974,-152.170124838467,54.8327229820635
-13804.8635917739,7059.79414732384,-13719.9667882647,6791.07383206159,-157.061959310175,56.5615080346013,-152.848599802565,54.4938496087019
-13900.4444084859,7031.66804695539,-13817.913321389,6760.44600900941,-157.751836287585,56.2309026993032,-153.552080010699,54.1471356467835
-13992.0002450276,6992.20757593845,-13925.3360618781,6730.22637441533,-158.252589017231,55.8142631114184,-154.361418367288,53.7940586417987
-14089.1096509512,6968.94386568592,-14037.6241392074,6705.06466704842,-159.019454399584,55.521382784446,-155.279687819088,53.4762534742751
-14188.5210543583,6963.7978514218,-14148.4221652295,6686.33354627037,-160.039182119581,55.3699665460503,-156.253783123853,53.2108699417249
-14287.5712571933,6954.88229854775,-14242.8716680075,6672.49095092421,-161.005611489639,55.1881878510032,-157.106899609378,53.0011308848443
-14385.4317536891,6934.66781539903,-14337.4245449693,6656.55677399982,-161.813686367081,54.9176812554645,-157.935561466014,52.7744186565778
-14482.5599298589,6911.22024781622,-14446.5191669022,6639.32243366917,-162.571242674579,54.6223359070819,-158.903021696843,52.5215370193202
-14581.6095623494,6899.69942490035,-14575.6222648811,6629.2759456458,-163.499101446827,54.4185619808537,-160.164518881362,52.3028212100888
-14681.2992612456,6895.93498295049,-14760.6482264584,6649.92376493507,-164.530748065982,54.2742930222229,-162.377048313692,52.2606389903342
